label,start,end,trading_days,benchmark_final,benchmark_return_pct,active_final,active_return_pct,excess_pct,max_drawdown_pct,buys,sells,open_positions,weights,kd_gate,exit_rule
kd_kd_cross0_kd_cross_low0.75_kd_above1_gate90_ma5,2022-01-03,2022-12-30,246,785095.4790590499,-21.490452094095012,800487.4592846667,-19.95125407153333,1.9605233549509604,-30.911535463224972,736,731,5,"above_all=3,new_high=1.5,trend=1.5,volume=1.5,obv=1,relative_strength=2,macd=1.5,target=2,trust=2,foreign=1,kd_cross_low=0.75,kd_above=1",90.0,ma5
kd_kd_cross0_kd_cross_low0.75_kd_above1_gate90_ma5_or_kd_dead80,2022-01-03,2022-12-30,246,785095.4790590499,-21.490452094095012,788009.6061681833,-21.199039383181674,0.3711812367874101,-30.419730114091127,770,765,5,"above_all=3,new_high=1.5,trend=1.5,volume=1.5,obv=1,relative_strength=2,macd=1.5,target=2,trust=2,foreign=1,kd_cross_low=0.75,kd_above=1",90.0,ma5_or_kd_dead80
kd_kd_cross0.75_kd_cross_low0_kd_above1_gate90_ma5_or_kd_dead,2022-01-03,2022-12-30,246,785095.4790590499,-21.490452094095012,784726.8146508451,-21.527318534915484,-0.04695790741867656,-29.88963562440221,805,800,5,"above_all=3,new_high=1.5,trend=1.5,volume=1.5,obv=1,relative_strength=2,macd=1.5,target=2,trust=2,foreign=1,kd_cross=0.75,kd_above=1",90.0,ma5_or_kd_dead
kd_kd_cross0_kd_cross_low0.75_kd_above1_gatenone_ma5_or_kd_dead80,2022-01-03,2022-12-30,246,785095.4790590499,-21.490452094095012,783824.9613752421,-21.617503862475797,-0.16182970322673462,-30.143719573196393,780,775,5,"above_all=3,new_high=1.5,trend=1.5,volume=1.5,obv=1,relative_strength=2,macd=1.5,target=2,trust=2,foreign=1,kd_cross_low=0.75,kd_above=1",,ma5_or_kd_dead80
kd_kd_cross0.75_kd_cross_low0_kd_above1_gate90_ma5_or_kd_dead80,2022-01-03,2022-12-30,246,785095.4790590499,-21.490452094095012,780733.9229240717,-21.926607707592837,-0.5555446759425431,-30.44149809676092,782,777,5,"above_all=3,new_high=1.5,trend=1.5,volume=1.5,obv=1,relative_strength=2,macd=1.5,target=2,trust=2,foreign=1,kd_cross=0.75,kd_above=1",90.0,ma5_or_kd_dead80
kd_kd_cross0_kd_cross_low1.5_kd_above0_gate90_ma5_and_kd_bear,2022-01-03,2022-12-30,246,785095.4790590499,-21.490452094095012,779961.2589256245,-22.00387410743755,-0.6539612404313888,-34.146471978059225,580,575,5,"above_all=3,new_high=1.5,trend=1.5,volume=1.5,obv=1,relative_strength=2,macd=1.5,target=2,trust=2,foreign=1,kd_cross_low=1.5",90.0,ma5_and_kd_bear
kd_kd_cross0_kd_cross_low0_kd_above1_gatenone_ma5_or_kd_dead80,2022-01-03,2022-12-30,246,785095.4790590499,-21.490452094095012,777314.426146705,-22.26855738532949,-0.9910963850754184,-29.34988551925385,841,835,6,"above_all=3,new_high=1.5,trend=1.5,volume=1.5,obv=1,relative_strength=2,macd=1.5,target=2,trust=2,foreign=1,kd_above=1",,ma5_or_kd_dead80
kd_kd_cross0_kd_cross_low0_kd_above1_gate90_ma5_or_kd_dead80,2022-01-03,2022-12-30,246,785095.4790590499,-21.490452094095012,776101.9595940291,-22.389804040597085,-1.1455319390960783,-30.491308606022194,830,824,6,"above_all=3,new_high=1.5,trend=1.5,volume=1.5,obv=1,relative_strength=2,macd=1.5,target=2,trust=2,foreign=1,kd_above=1",90.0,ma5_or_kd_dead80
kd_kd_cross0.75_kd_cross_low0_kd_above1_gate90_ma5,2022-01-03,2022-12-30,246,785095.4790590499,-21.490452094095012,775060.0890443373,-22.49399109556627,-1.2782381611393556,-32.281139763161605,745,740,5,"above_all=3,new_high=1.5,trend=1.5,volume=1.5,obv=1,relative_strength=2,macd=1.5,target=2,trust=2,foreign=1,kd_cross=0.75,kd_above=1",90.0,ma5
kd_kd_cross0_kd_cross_low1.5_kd_above0_gate90_ma5,2022-01-03,2022-12-30,246,785095.4790590499,-21.490452094095012,772856.0429982909,-22.71439570017092,-1.558974212337605,-33.64490459615571,635,631,4,"above_all=3,new_high=1.5,trend=1.5,volume=1.5,obv=1,relative_strength=2,macd=1.5,target=2,trust=2,foreign=1,kd_cross_low=1.5",90.0,ma5
kd_kd_cross0_kd_cross_low0_kd_above1_gate90_ma5,2022-01-03,2022-12-30,246,785095.4790590499,-21.490452094095012,772391.3655583083,-22.760863444169168,-1.618161591755396,-31.8044509973507,790,784,6,"above_all=3,new_high=1.5,trend=1.5,volume=1.5,obv=1,relative_strength=2,macd=1.5,target=2,trust=2,foreign=1,kd_above=1",90.0,ma5
kd_kd_cross0_kd_cross_low0_kd_above0_gate90_ma5_or_kd_dead80,2022-01-03,2022-12-30,246,785095.4790590499,-21.490452094095012,771662.2543042093,-22.83377456957908,-1.7110307106774525,-30.689963319767433,890,884,6,"above_all=3,new_high=1.5,trend=1.5,volume=1.5,obv=1,relative_strength=2,macd=1.5,target=2,trust=2,foreign=1",90.0,ma5_or_kd_dead80
kd_kd_cross0_kd_cross_low0_kd_above0.5_gate90_ma5,2022-01-03,2022-12-30,246,785095.4790590499,-21.490452094095012,770921.7446652129,-22.90782553347871,-1.8053516765660693,-32.1359623270148,748,743,5,"above_all=3,new_high=1.5,trend=1.5,volume=1.5,obv=1,relative_strength=2,macd=1.5,target=2,trust=2,foreign=1,kd_above=0.5",90.0,ma5
kd_kd_cross0_kd_cross_low0_kd_above0.5_gate90_ma5_or_kd_dead80,2022-01-03,2022-12-30,246,785095.4790590499,-21.490452094095012,770660.5728231352,-22.933942717686485,-1.8386179287664728,-31.53756600539185,787,782,5,"above_all=3,new_high=1.5,trend=1.5,volume=1.5,obv=1,relative_strength=2,macd=1.5,target=2,trust=2,foreign=1,kd_above=0.5",90.0,ma5_or_kd_dead80
kd_kd_cross0_kd_cross_low0_kd_above0_gatenone_ma5_or_kd_dead80,2022-01-03,2022-12-30,246,785095.4790590499,-21.490452094095012,768939.820553349,-23.1060179446651,-2.0577953811507954,-30.353616392177763,895,889,6,"above_all=3,new_high=1.5,trend=1.5,volume=1.5,obv=1,relative_strength=2,macd=1.5,target=2,trust=2,foreign=1",,ma5_or_kd_dead80
kd_kd_cross0_kd_cross_low0.75_kd_above1_gate90_ma5_or_kd_dead,2022-01-03,2022-12-30,246,785095.4790590499,-21.490452094095012,768891.5823448333,-23.110841765516664,-2.0639396285452083,-31.33848567260724,788,783,5,"above_all=3,new_high=1.5,trend=1.5,volume=1.5,obv=1,relative_strength=2,macd=1.5,target=2,trust=2,foreign=1,kd_cross_low=0.75,kd_above=1",90.0,ma5_or_kd_dead
kd_kd_cross0_kd_cross_low0.75_kd_above1_gate90_ma5_and_kd_bear,2022-01-03,2022-12-30,246,785095.4790590499,-21.490452094095012,768442.2992632454,-23.155770073675452,-2.1211661816934124,-32.677453462147845,665,659,6,"above_all=3,new_high=1.5,trend=1.5,volume=1.5,obv=1,relative_strength=2,macd=1.5,target=2,trust=2,foreign=1,kd_cross_low=0.75,kd_above=1",90.0,ma5_and_kd_bear
kd_kd_cross0_kd_cross_low0_kd_above0.5_gatenone_ma5_or_kd_dead80,2022-01-03,2022-12-30,246,785095.4790590499,-21.490452094095012,767436.3320238565,-23.25636679761436,-2.2492992898593966,-31.329427253197196,796,791,5,"above_all=3,new_high=1.5,trend=1.5,volume=1.5,obv=1,relative_strength=2,macd=1.5,target=2,trust=2,foreign=1,kd_above=0.5",,ma5_or_kd_dead80
kd_kd_cross0_kd_cross_low0_kd_above0.5_gate90_ma5_or_kd_dead,2022-01-03,2022-12-30,246,785095.4790590499,-21.490452094095012,765501.6317320834,-23.44983682679166,-2.4957279527898946,-30.940254172346116,807,802,5,"above_all=3,new_high=1.5,trend=1.5,volume=1.5,obv=1,relative_strength=2,macd=1.5,target=2,trust=2,foreign=1,kd_above=0.5",90.0,ma5_or_kd_dead
kd_kd_cross0_kd_cross_low0_kd_above1_gate80_ma5_or_kd_dead80,2022-01-03,2022-12-30,246,785095.4790590499,-21.490452094095012,765362.0838697449,-23.46379161302551,-2.513502588622185,-29.39685596229499,726,720,6,"above_all=3,new_high=1.5,trend=1.5,volume=1.5,obv=1,relative_strength=2,macd=1.5,target=2,trust=2,foreign=1,kd_above=1",80.0,ma5_or_kd_dead80
kd_kd_cross0_kd_cross_low0.75_kd_above1_gatenone_ma5,2022-01-03,2022-12-30,246,785095.4790590499,-21.490452094095012,764926.1340342909,-23.50738659657091,-2.569030845640874,-32.27168162687203,734,728,6,"above_all=3,new_high=1.5,trend=1.5,volume=1.5,obv=1,relative_strength=2,macd=1.5,target=2,trust=2,foreign=1,kd_cross_low=0.75,kd_above=1",,ma5
kd_kd_cross0.75_kd_cross_low0_kd_above1_gatenone_ma5_or_kd_dead80,2022-01-03,2022-12-30,246,785095.4790590499,-21.490452094095012,764774.7688497375,-23.52252311502625,-2.5883106897605757,-30.806260758823612,790,785,5,"above_all=3,new_high=1.5,trend=1.5,volume=1.5,obv=1,relative_strength=2,macd=1.5,target=2,trust=2,foreign=1,kd_cross=0.75,kd_above=1",,ma5_or_kd_dead80
kd_kd_cross0_kd_cross_low0.75_kd_above1_gatenone_ma5_or_kd_dead,2022-01-03,2022-12-30,246,785095.4790590499,-21.490452094095012,764575.6911726916,-23.542430882730837,-2.613667819225185,-30.989005761487252,802,797,5,"above_all=3,new_high=1.5,trend=1.5,volume=1.5,obv=1,relative_strength=2,macd=1.5,target=2,trust=2,foreign=1,kd_cross_low=0.75,kd_above=1",,ma5_or_kd_dead
kd_kd_cross0_kd_cross_low1.5_kd_above0_gatenone_ma5_and_kd_bear,2022-01-03,2022-12-30,246,785095.4790590499,-21.490452094095012,763817.8636508203,-23.61821363491796,-2.7101946165491997,-34.406392076140094,583,577,6,"above_all=3,new_high=1.5,trend=1.5,volume=1.5,obv=1,relative_strength=2,macd=1.5,target=2,trust=2,foreign=1,kd_cross_low=1.5",,ma5_and_kd_bear
kd_kd_cross0_kd_cross_low0_kd_above0_gate90_ma5_or_kd_dead,2022-01-03,2022-12-30,246,785095.4790590499,-21.490452094095012,763107.8422069493,-23.689215779305073,-2.800632208257414,-30.659397740127105,919,913,6,"above_all=3,new_high=1.5,trend=1.5,volume=1.5,obv=1,relative_strength=2,macd=1.5,target=2,trust=2,foreign=1",90.0,ma5_or_kd_dead
kd_kd_cross0_kd_cross_low1.5_kd_above0_gatenone_ma5_or_kd_dead80,2022-01-03,2022-12-30,246,785095.4790590499,-21.490452094095012,762911.4772913108,-23.708852270868917,-2.825643805047373,-32.73756483349931,673,669,4,"above_all=3,new_high=1.5,trend=1.5,volume=1.5,obv=1,relative_strength=2,macd=1.5,target=2,trust=2,foreign=1,kd_cross_low=1.5",,ma5_or_kd_dead80
kd_kd_cross0_kd_cross_low0_kd_above1_gatenone_ma5,2022-01-03,2022-12-30,246,785095.4790590499,-21.490452094095012,762536.8391497923,-23.74631608502077,-2.8733626050546635,-31.311331978980295,794,787,7,"above_all=3,new_high=1.5,trend=1.5,volume=1.5,obv=1,relative_strength=2,macd=1.5,target=2,trust=2,foreign=1,kd_above=1",,ma5
kd_kd_cross0_kd_cross_low0_kd_above1_gate90_ma5_or_kd_dead,2022-01-03,2022-12-30,246,785095.4790590499,-21.490452094095012,761416.394206012,-23.858360579398795,-3.0160770867535325,-30.63135450699538,854,848,6,"above_all=3,new_high=1.5,trend=1.5,volume=1.5,obv=1,relative_strength=2,macd=1.5,target=2,trust=2,foreign=1,kd_above=1",90.0,ma5_or_kd_dead
kd_kd_cross0_kd_cross_low0_kd_above1_gate80_ma5,2022-01-03,2022-12-30,246,785095.4790590499,-21.490452094095012,761315.2862955042,-23.868471370449583,-3.0289555089588083,-30.230280107732167,714,708,6,"above_all=3,new_high=1.5,trend=1.5,volume=1.5,obv=1,relative_strength=2,macd=1.5,target=2,trust=2,foreign=1,kd_above=1",80.0,ma5
kd_kd_cross0_kd_cross_low0_kd_above0.5_gatenone_ma5_or_kd_dead,2022-01-03,2022-12-30,246,785095.4790590499,-21.490452094095012,760481.0055321532,-23.951899446784687,-3.1352203882765384,-30.656867449115122,817,812,5,"above_all=3,new_high=1.5,trend=1.5,volume=1.5,obv=1,relative_strength=2,macd=1.5,target=2,trust=2,foreign=1,kd_above=0.5",,ma5_or_kd_dead
kd_kd_cross0_kd_cross_low1.5_kd_above0_gate80_ma5,2022-01-03,2022-12-30,246,785095.4790590499,-21.490452094095012,757917.5000877009,-24.208249991229913,-3.461741876787039,-34.418214002646764,532,528,4,"above_all=3,new_high=1.5,trend=1.5,volume=1.5,obv=1,relative_strength=2,macd=1.5,target=2,trust=2,foreign=1,kd_cross_low=1.5",80.0,ma5
kd_kd_cross0.75_kd_cross_low0_kd_above1_gatenone_ma5_or_kd_dead,2022-01-03,2022-12-30,246,785095.4790590499,-21.490452094095012,756383.6231683171,-24.36163768316829,-3.657116447179698,-31.25775040363905,816,811,5,"above_all=3,new_high=1.5,trend=1.5,volume=1.5,obv=1,relative_strength=2,macd=1.5,target=2,trust=2,foreign=1,kd_cross=0.75,kd_above=1",,ma5_or_kd_dead
kd_kd_cross0.75_kd_cross_low0_kd_above1_gate90_ma5_and_kd_bear,2022-01-03,2022-12-30,246,785095.4790590499,-21.490452094095012,755719.7748745694,-24.42802251254306,-3.7416728242643527,-33.183175332160694,673,667,6,"above_all=3,new_high=1.5,trend=1.5,volume=1.5,obv=1,relative_strength=2,macd=1.5,target=2,trust=2,foreign=1,kd_cross=0.75,kd_above=1",90.0,ma5_and_kd_bear
kd_kd_cross0_kd_cross_low1.5_kd_above0_gatenone_ma5,2022-01-03,2022-12-30,246,785095.4790590499,-21.490452094095012,754845.6751778984,-24.515432482210166,-3.853009562277243,-33.98362052136,633,628,5,"above_all=3,new_high=1.5,trend=1.5,volume=1.5,obv=1,relative_strength=2,macd=1.5,target=2,trust=2,foreign=1,kd_cross_low=1.5",,ma5
kd_kd_cross1.5_kd_cross_low0_kd_above0_gate90_ma5_and_kd_bear,2022-01-03,2022-12-30,246,785095.4790590499,-21.490452094095012,754741.3291116053,-24.52586708883947,-3.866300438237713,-35.4353425740084,614,609,5,"above_all=3,new_high=1.5,trend=1.5,volume=1.5,obv=1,relative_strength=2,macd=1.5,target=2,trust=2,foreign=1,kd_cross=1.5",90.0,ma5_and_kd_bear
kd_kd_cross0_kd_cross_low0.75_kd_above1_gate80_ma5_or_kd_dead80,2022-01-03,2022-12-30,246,785095.4790590499,-21.490452094095012,754265.6367938445,-24.57343632061555,-3.9268908161533944,-31.851762025472784,654,649,5,"above_all=3,new_high=1.5,trend=1.5,volume=1.5,obv=1,relative_strength=2,macd=1.5,target=2,trust=2,foreign=1,kd_cross_low=0.75,kd_above=1",80.0,ma5_or_kd_dead80
kd_kd_cross0_kd_cross_low0.75_kd_above0.5_gate90_ma5_or_kd_dead80,2022-01-03,2022-12-30,246,785095.4790590499,-21.490452094095012,753479.2130308907,-24.652078696910927,-4.027060003714677,-34.41016853442621,695,690,5,"above_all=3,new_high=1.5,trend=1.5,volume=1.5,obv=1,relative_strength=2,macd=1.5,target=2,trust=2,foreign=1,kd_cross_low=0.75,kd_above=0.5",90.0,ma5_or_kd_dead80
kd_kd_cross0_kd_cross_low0.75_kd_above0.5_gate90_ma5,2022-01-03,2022-12-30,246,785095.4790590499,-21.490452094095012,752245.9065605701,-24.77540934394299,-4.184150001455933,-35.07972060149288,659,654,5,"above_all=3,new_high=1.5,trend=1.5,volume=1.5,obv=1,relative_strength=2,macd=1.5,target=2,trust=2,foreign=1,kd_cross_low=0.75,kd_above=0.5",90.0,ma5
kd_kd_cross0_kd_cross_low0.75_kd_above1_gatenone_ma5_and_kd_bear,2022-01-03,2022-12-30,246,785095.4790590499,-21.490452094095012,752107.1069226237,-24.789289307737626,-4.201829333670759,-33.25338880348794,665,658,7,"above_all=3,new_high=1.5,trend=1.5,volume=1.5,obv=1,relative_strength=2,macd=1.5,target=2,trust=2,foreign=1,kd_cross_low=0.75,kd_above=1",,ma5_and_kd_bear
kd_kd_cross0_kd_cross_low1.5_kd_above0_gate90_ma5_or_kd_dead80,2022-01-03,2022-12-30,246,785095.4790590499,-21.490452094095012,751817.6939326487,-24.818230606735124,-4.23869274680897,-33.759902337095916,662,658,4,"above_all=3,new_high=1.5,trend=1.5,volume=1.5,obv=1,relative_strength=2,macd=1.5,target=2,trust=2,foreign=1,kd_cross_low=1.5",90.0,ma5_or_kd_dead80
kd_kd_cross0_kd_cross_low0.75_kd_above1_gate80_ma5,2022-01-03,2022-12-30,246,785095.4790590499,-21.490452094095012,751616.2436597042,-24.838375634029575,-4.264352081032364,-32.357183200798175,648,643,5,"above_all=3,new_high=1.5,trend=1.5,volume=1.5,obv=1,relative_strength=2,macd=1.5,target=2,trust=2,foreign=1,kd_cross_low=0.75,kd_above=1",80.0,ma5
kd_kd_cross0.75_kd_cross_low0_kd_above1_gate80_ma5,2022-01-03,2022-12-30,246,785095.4790590499,-21.490452094095012,751588.2637119634,-24.84117362880366,-4.267915972111491,-32.00242775125323,663,658,5,"above_all=3,new_high=1.5,trend=1.5,volume=1.5,obv=1,relative_strength=2,macd=1.5,target=2,trust=2,foreign=1,kd_cross=0.75,kd_above=1",80.0,ma5
kd_kd_cross0_kd_cross_low0_kd_above1_gate90_ma5_and_kd_bear,2022-01-03,2022-12-30,246,785095.4790590499,-21.490452094095012,750859.1299020435,-24.91408700979565,-4.360787964037083,-33.03919182276142,705,697,8,"above_all=3,new_high=1.5,trend=1.5,volume=1.5,obv=1,relative_strength=2,macd=1.5,target=2,trust=2,foreign=1,kd_above=1",90.0,ma5_and_kd_bear
kd_kd_cross0_kd_cross_low0_kd_above1_gatenone_ma5_or_kd_dead,2022-01-03,2022-12-30,246,785095.4790590499,-21.490452094095012,749299.5810521398,-25.070041894786023,-4.559432446332778,-30.743175509104013,859,853,6,"above_all=3,new_high=1.5,trend=1.5,volume=1.5,obv=1,relative_strength=2,macd=1.5,target=2,trust=2,foreign=1,kd_above=1",,ma5_or_kd_dead
kd_kd_cross0_kd_cross_low0_kd_above0.5_gate90_ma5_and_kd_bear,2022-01-03,2022-12-30,246,785095.4790590499,-21.490452094095012,748947.6374382612,-25.105236256173878,-4.6042605753013,-33.69910569219364,679,673,6,"above_all=3,new_high=1.5,trend=1.5,volume=1.5,obv=1,relative_strength=2,macd=1.5,target=2,trust=2,foreign=1,kd_above=0.5",90.0,ma5_and_kd_bear
kd_kd_cross1.5_kd_cross_low0_kd_above0_gate90_ma5,2022-01-03,2022-12-30,246,785095.4790590499,-21.490452094095012,748929.0009532868,-25.107099904671326,-4.60663436109825,-34.751200947372105,673,669,4,"above_all=3,new_high=1.5,trend=1.5,volume=1.5,obv=1,relative_strength=2,macd=1.5,target=2,trust=2,foreign=1,kd_cross=1.5",90.0,ma5
kd_kd_cross0.75_kd_cross_low0_kd_above1_gatenone_ma5,2022-01-03,2022-12-30,246,785095.4790590499,-21.490452094095012,748638.5726026486,-25.136142739735135,-4.643627103813596,-32.770684241774404,748,742,6,"above_all=3,new_high=1.5,trend=1.5,volume=1.5,obv=1,relative_strength=2,macd=1.5,target=2,trust=2,foreign=1,kd_cross=0.75,kd_above=1",,ma5
kd_kd_cross0_kd_cross_low0.75_kd_above0.5_gatenone_ma5_or_kd_dead80,2022-01-03,2022-12-30,246,785095.4790590499,-21.490452094095012,748446.3796028009,-25.155362039719908,-4.668107310995284,-34.278520257223036,703,698,5,"above_all=3,new_high=1.5,trend=1.5,volume=1.5,obv=1,relative_strength=2,macd=1.5,target=2,trust=2,foreign=1,kd_cross_low=0.75,kd_above=0.5",,ma5_or_kd_dead80
kd_kd_cross0_kd_cross_low0_kd_above0_gatenone_ma5_or_kd_dead,2022-01-03,2022-12-30,246,785095.4790590499,-21.490452094095012,747616.4577702365,-25.238354222976344,-4.773816980035672,-31.084290432115445,919,913,6,"above_all=3,new_high=1.5,trend=1.5,volume=1.5,obv=1,relative_strength=2,macd=1.5,target=2,trust=2,foreign=1",,ma5_or_kd_dead
kd_kd_cross0_kd_cross_low0_kd_above1_gate80_ma5_and_kd_bear,2022-01-03,2022-12-30,246,785095.4790590499,-21.490452094095012,746945.2804849192,-25.305471951508085,-4.859306873076674,-30.534638322921857,647,639,8,"above_all=3,new_high=1.5,trend=1.5,volume=1.5,obv=1,relative_strength=2,macd=1.5,target=2,trust=2,foreign=1,kd_above=1",80.0,ma5_and_kd_bear
kd_kd_cross0_kd_cross_low0_kd_above0_gate90_ma5_and_kd_bear,2022-01-03,2022-12-30,246,785095.4790590499,-21.490452094095012,746065.4194810541,-25.39345805189459,-4.971377446316971,-32.2207085975044,767,760,7,"above_all=3,new_high=1.5,trend=1.5,volume=1.5,obv=1,relative_strength=2,macd=1.5,target=2,trust=2,foreign=1",90.0,ma5_and_kd_bear
kd_kd_cross1.5_kd_cross_low0_kd_above0_gate80_ma5,2022-01-03,2022-12-30,246,785095.4790590499,-21.490452094095012,745650.1709003499,-25.434982909965008,-5.024268921529885,-34.20749800163031,586,582,4,"above_all=3,new_high=1.5,trend=1.5,volume=1.5,obv=1,relative_strength=2,macd=1.5,target=2,trust=2,foreign=1,kd_cross=1.5",80.0,ma5
kd_kd_cross0.75_kd_cross_low0_kd_above0.5_gate90_ma5,2022-01-03,2022-12-30,246,785095.4790590499,-21.490452094095012,744745.2819381721,-25.525471806182797,-5.139527381973741,-34.48086648473616,700,695,5,"above_all=3,new_high=1.5,trend=1.5,volume=1.5,obv=1,relative_strength=2,macd=1.5,target=2,trust=2,foreign=1,kd_cross=0.75,kd_above=0.5",90.0,ma5
kd_kd_cross0_kd_cross_low1.5_kd_above0_gatenone_ma5_or_kd_dead,2022-01-03,2022-12-30,246,785095.4790590499,-21.490452094095012,744341.8399861341,-25.565816001386587,-5.190915010969077,-33.3933744069164,680,676,4,"above_all=3,new_high=1.5,trend=1.5,volume=1.5,obv=1,relative_strength=2,macd=1.5,target=2,trust=2,foreign=1,kd_cross_low=1.5",,ma5_or_kd_dead
kd_kd_cross0_kd_cross_low0_kd_above0_gate90_ma5,2022-01-03,2022-12-30,246,785095.4790590499,-21.490452094095012,744220.6366242045,-25.577936337579555,-5.20635305196695,-32.855304943460176,840,834,6,"above_all=3,new_high=1.5,trend=1.5,volume=1.5,obv=1,relative_strength=2,macd=1.5,target=2,trust=2,foreign=1",90.0,ma5
kd_kd_cross0_kd_cross_low0_kd_above0.5_gate80_ma5,2022-01-03,2022-12-30,246,785095.4790590499,-21.490452094095012,743640.5955235881,-25.635940447641193,-5.280234651859939,-32.01977685128581,664,659,5,"above_all=3,new_high=1.5,trend=1.5,volume=1.5,obv=1,relative_strength=2,macd=1.5,target=2,trust=2,foreign=1,kd_above=0.5",80.0,ma5
kd_kd_cross0_kd_cross_low1.5_kd_above0_gate80_ma5_or_kd_dead80,2022-01-03,2022-12-30,246,785095.4790590499,-21.490452094095012,743557.7422715591,-25.644225772844088,-5.290787922670814,-34.99973907060353,533,529,4,"above_all=3,new_high=1.5,trend=1.5,volume=1.5,obv=1,relative_strength=2,macd=1.5,target=2,trust=2,foreign=1,kd_cross_low=1.5",80.0,ma5_or_kd_dead80
kd_kd_cross1.5_kd_cross_low0_kd_above1_gate90_ma5_or_kd_dead,2022-01-03,2022-12-30,246,785095.4790590499,-21.490452094095012,743361.6252263128,-25.663837477368723,-5.315767947454719,-32.92240569689917,806,801,5,"above_all=3,new_high=1.5,trend=1.5,volume=1.5,obv=1,relative_strength=2,macd=1.5,target=2,trust=2,foreign=1,kd_cross=1.5,kd_above=1",90.0,ma5_or_kd_dead
kd_kd_cross1.5_kd_cross_low0_kd_above1_gate90_ma5_or_kd_dead80,2022-01-03,2022-12-30,246,785095.4790590499,-21.490452094095012,742171.6992364086,-25.782830076359144,-5.467332441410333,-33.34769349912373,785,780,5,"above_all=3,new_high=1.5,trend=1.5,volume=1.5,obv=1,relative_strength=2,macd=1.5,target=2,trust=2,foreign=1,kd_cross=1.5,kd_above=1",90.0,ma5_or_kd_dead80
kd_kd_cross0_kd_cross_low1.5_kd_above1_gatenone_ma5_or_kd_dead80,2022-01-03,2022-12-30,246,785095.4790590499,-21.490452094095012,741654.2415381197,-25.834575846188024,-5.53324260292457,-34.68946816358501,742,737,5,"above_all=3,new_high=1.5,trend=1.5,volume=1.5,obv=1,relative_strength=2,macd=1.5,target=2,trust=2,foreign=1,kd_cross_low=1.5,kd_above=1",,ma5_or_kd_dead80
kd_kd_cross0_kd_cross_low0_kd_above0.5_gate80_ma5_or_kd_dead80,2022-01-03,2022-12-30,246,785095.4790590499,-21.490452094095012,741546.2107353524,-25.845378926464768,-5.547002814981439,-32.103426896757426,670,665,5,"above_all=3,new_high=1.5,trend=1.5,volume=1.5,obv=1,relative_strength=2,macd=1.5,target=2,trust=2,foreign=1,kd_above=0.5",80.0,ma5_or_kd_dead80
kd_kd_cross1.5_kd_cross_low0_kd_above1_gate80_ma5,2022-01-03,2022-12-30,246,785095.4790590499,-21.490452094095012,741267.2562145545,-25.873274378544544,-5.582534101078274,-33.10293493264346,670,665,5,"above_all=3,new_high=1.5,trend=1.5,volume=1.5,obv=1,relative_strength=2,macd=1.5,target=2,trust=2,foreign=1,kd_cross=1.5,kd_above=1",80.0,ma5
kd_kd_cross0_kd_cross_low1.5_kd_above0_gate90_ma5_or_kd_dead,2022-01-03,2022-12-30,246,785095.4790590499,-21.490452094095012,741188.1839917776,-25.881181600822245,-5.592605770688664,-34.039840504877375,671,667,4,"above_all=3,new_high=1.5,trend=1.5,volume=1.5,obv=1,relative_strength=2,macd=1.5,target=2,trust=2,foreign=1,kd_cross_low=1.5",90.0,ma5_or_kd_dead
kd_kd_cross0_kd_cross_low1.5_kd_above1_gate90_ma5_or_kd_dead80,2022-01-03,2022-12-30,246,785095.4790590499,-21.490452094095012,740740.7403006761,-25.925925969932393,-5.649598035073855,-34.79856174680608,735,730,5,"above_all=3,new_high=1.5,trend=1.5,volume=1.5,obv=1,relative_strength=2,macd=1.5,target=2,trust=2,foreign=1,kd_cross_low=1.5,kd_above=1",90.0,ma5_or_kd_dead80
kd_kd_cross0_kd_cross_low0_kd_above0.5_gatenone_ma5,2022-01-03,2022-12-30,246,785095.4790590499,-21.490452094095012,739878.3010807023,-26.01216989192977,-5.759449542690154,-33.461065613112304,753,747,6,"above_all=3,new_high=1.5,trend=1.5,volume=1.5,obv=1,relative_strength=2,macd=1.5,target=2,trust=2,foreign=1,kd_above=0.5",,ma5
kd_kd_cross1.5_kd_cross_low0_kd_above1_gatenone_ma5_or_kd_dead,2022-01-03,2022-12-30,246,785095.4790590499,-21.490452094095012,739759.9008727795,-26.024009912722047,-5.774530537432943,-33.13990336340811,811,806,5,"above_all=3,new_high=1.5,trend=1.5,volume=1.5,obv=1,relative_strength=2,macd=1.5,target=2,trust=2,foreign=1,kd_cross=1.5,kd_above=1",,ma5_or_kd_dead
kd_kd_cross0_kd_cross_low1.5_kd_above0_gate80_ma5_and_kd_bear,2022-01-03,2022-12-30,246,785095.4790590499,-21.490452094095012,739308.2865672917,-26.069171343270824,-5.83205402566257,-34.96569619142322,497,492,5,"above_all=3,new_high=1.5,trend=1.5,volume=1.5,obv=1,relative_strength=2,macd=1.5,target=2,trust=2,foreign=1,kd_cross_low=1.5",80.0,ma5_and_kd_bear
kd_kd_cross0_kd_cross_low0.75_kd_above0.5_gate90_ma5_and_kd_bear,2022-01-03,2022-12-30,246,785095.4790590499,-21.490452094095012,739296.4793353818,-26.070352066461822,-5.8335579487171385,-35.98674761606567,609,603,6,"above_all=3,new_high=1.5,trend=1.5,volume=1.5,obv=1,relative_strength=2,macd=1.5,target=2,trust=2,foreign=1,kd_cross_low=0.75,kd_above=0.5",90.0,ma5_and_kd_bear
kd_kd_cross0_kd_cross_low0_kd_above0_gatenone_ma5,2022-01-03,2022-12-30,246,785095.4790590499,-21.490452094095012,739215.5034635202,-26.078449653647983,-5.843872091903723,-32.34718555669309,848,841,7,"above_all=3,new_high=1.5,trend=1.5,volume=1.5,obv=1,relative_strength=2,macd=1.5,target=2,trust=2,foreign=1",,ma5
kd_kd_cross0_kd_cross_low1.5_kd_above1_gate90_ma5,2022-01-03,2022-12-30,246,785095.4790590499,-21.490452094095012,739088.4697103674,-26.091153028963266,-5.860052767571999,-35.8125914107563,696,691,5,"above_all=3,new_high=1.5,trend=1.5,volume=1.5,obv=1,relative_strength=2,macd=1.5,target=2,trust=2,foreign=1,kd_cross_low=1.5,kd_above=1",90.0,ma5
kd_kd_cross0_kd_cross_low0.75_kd_above0.5_gatenone_ma5,2022-01-03,2022-12-30,246,785095.4790590499,-21.490452094095012,738914.1897624651,-26.108581023753498,-5.882251334822852,-35.5161941245137,658,652,6,"above_all=3,new_high=1.5,trend=1.5,volume=1.5,obv=1,relative_strength=2,macd=1.5,target=2,trust=2,foreign=1,kd_cross_low=0.75,kd_above=0.5",,ma5
kd_kd_cross0.75_kd_cross_low0_kd_above0.5_gate90_ma5_or_kd_dead80,2022-01-03,2022-12-30,246,785095.4790590499,-21.490452094095012,738871.8675587653,-26.112813244123465,-5.88764204268305,-34.31261376879782,726,721,5,"above_all=3,new_high=1.5,trend=1.5,volume=1.5,obv=1,relative_strength=2,macd=1.5,target=2,trust=2,foreign=1,kd_cross=0.75,kd_above=0.5",90.0,ma5_or_kd_dead80
kd_kd_cross0.75_kd_cross_low0_kd_above1_gate80_ma5_and_kd_bear,2022-01-03,2022-12-30,246,785095.4790590499,-21.490452094095012,738804.3846849969,-26.119561531500313,-5.896237541646987,-32.34394080925198,602,596,6,"above_all=3,new_high=1.5,trend=1.5,volume=1.5,obv=1,relative_strength=2,macd=1.5,target=2,trust=2,foreign=1,kd_cross=0.75,kd_above=1",80.0,ma5_and_kd_bear
kd_kd_cross0_kd_cross_low0_kd_above1_gatenone_ma5_and_kd_bear,2022-01-03,2022-12-30,246,785095.4790590499,-21.490452094095012,738793.8707895709,-26.12061292104292,-5.897576728498333,-33.349170585678664,705,696,9,"above_all=3,new_high=1.5,trend=1.5,volume=1.5,obv=1,relative_strength=2,macd=1.5,target=2,trust=2,foreign=1,kd_above=1",,ma5_and_kd_bear
kd_kd_cross0.75_kd_cross_low0_kd_above1_gate80_ma5_or_kd_dead80,2022-01-03,2022-12-30,246,785095.4790590499,-21.490452094095012,738605.2318343357,-26.139476816566432,-5.9216042462037155,-32.54209531252465,668,663,5,"above_all=3,new_high=1.5,trend=1.5,volume=1.5,obv=1,relative_strength=2,macd=1.5,target=2,trust=2,foreign=1,kd_cross=0.75,kd_above=1",80.0,ma5_or_kd_dead80
kd_kd_cross0_kd_cross_low0_kd_above0_gate80_ma5_or_kd_dead80,2022-01-03,2022-12-30,246,785095.4790590499,-21.490452094095012,737516.567577376,-26.248343242262393,-6.0602707251222405,-31.518256076530648,790,785,5,"above_all=3,new_high=1.5,trend=1.5,volume=1.5,obv=1,relative_strength=2,macd=1.5,target=2,trust=2,foreign=1",80.0,ma5_or_kd_dead80
kd_kd_cross0_kd_cross_low0_kd_above1_gate80_ma5_or_kd_dead,2022-01-03,2022-12-30,246,785095.4790590499,-21.490452094095012,737369.0216925779,-26.26309783074221,-6.079064093411024,-29.557018317106255,743,737,6,"above_all=3,new_high=1.5,trend=1.5,volume=1.5,obv=1,relative_strength=2,macd=1.5,target=2,trust=2,foreign=1,kd_above=1",80.0,ma5_or_kd_dead
kd_kd_cross1.5_kd_cross_low0_kd_above0_gatenone_ma5_and_kd_bear,2022-01-03,2022-12-30,246,785095.4790590499,-21.490452094095012,737247.3206970218,-26.27526793029782,-6.094565519518069,-36.03899641791265,615,609,6,"above_all=3,new_high=1.5,trend=1.5,volume=1.5,obv=1,relative_strength=2,macd=1.5,target=2,trust=2,foreign=1,kd_cross=1.5",,ma5_and_kd_bear
kd_kd_cross0.75_kd_cross_low0_kd_above1_gatenone_ma5_and_kd_bear,2022-01-03,2022-12-30,246,785095.4790590499,-21.490452094095012,736607.6006566201,-26.33923993433799,-6.176048607558315,-33.93439619002279,674,667,7,"above_all=3,new_high=1.5,trend=1.5,volume=1.5,obv=1,relative_strength=2,macd=1.5,target=2,trust=2,foreign=1,kd_cross=0.75,kd_above=1",,ma5_and_kd_bear
kd_kd_cross0_kd_cross_low0.75_kd_above0_gate80_ma5,2022-01-03,2022-12-30,246,785095.4790590499,-21.490452094095012,735955.0002723874,-26.404499972761265,-6.259172304183713,-33.18363363915833,595,590,5,"above_all=3,new_high=1.5,trend=1.5,volume=1.5,obv=1,relative_strength=2,macd=1.5,target=2,trust=2,foreign=1,kd_cross_low=0.75",80.0,ma5
kd_kd_cross1.5_kd_cross_low0_kd_above1_gatenone_ma5_or_kd_dead80,2022-01-03,2022-12-30,246,785095.4790590499,-21.490452094095012,735629.2008799197,-26.43707991200803,-6.3006703641213635,-34.005000386239615,787,782,5,"above_all=3,new_high=1.5,trend=1.5,volume=1.5,obv=1,relative_strength=2,macd=1.5,target=2,trust=2,foreign=1,kd_cross=1.5,kd_above=1",,ma5_or_kd_dead80
kd_kd_cross0_kd_cross_low0.75_kd_above0.5_gate80_ma5,2022-01-03,2022-12-30,246,785095.4790590499,-21.490452094095012,735393.4953258351,-26.460650467416492,-6.330692897733082,-34.07644830071255,578,573,5,"above_all=3,new_high=1.5,trend=1.5,volume=1.5,obv=1,relative_strength=2,macd=1.5,target=2,trust=2,foreign=1,kd_cross_low=0.75,kd_above=0.5",80.0,ma5
kd_kd_cross0_kd_cross_low0.75_kd_above0.5_gate90_ma5_or_kd_dead,2022-01-03,2022-12-30,246,785095.4790590499,-21.490452094095012,735310.5682885951,-26.46894317114049,-6.341255566790782,-35.004890862346215,709,704,5,"above_all=3,new_high=1.5,trend=1.5,volume=1.5,obv=1,relative_strength=2,macd=1.5,target=2,trust=2,foreign=1,kd_cross_low=0.75,kd_above=0.5",90.0,ma5_or_kd_dead
kd_kd_cross0.75_kd_cross_low0_kd_above0_gate90_ma5_or_kd_dead80,2022-01-03,2022-12-30,246,785095.4790590499,-21.490452094095012,735109.3139243639,-26.489068607563603,-6.366889947525256,-33.802756414004605,737,732,5,"above_all=3,new_high=1.5,trend=1.5,volume=1.5,obv=1,relative_strength=2,macd=1.5,target=2,trust=2,foreign=1,kd_cross=0.75",90.0,ma5_or_kd_dead80
kd_kd_cross1.5_kd_cross_low0_kd_above0_gate80_ma5_or_kd_dead80,2022-01-03,2022-12-30,246,785095.4790590499,-21.490452094095012,734915.2171405088,-26.50847828594912,-6.391612645468669,-34.62139363740777,591,587,4,"above_all=3,new_high=1.5,trend=1.5,volume=1.5,obv=1,relative_strength=2,macd=1.5,target=2,trust=2,foreign=1,kd_cross=1.5",80.0,ma5_or_kd_dead80
kd_kd_cross1.5_kd_cross_low0_kd_above0_gatenone_ma5_or_kd_dead80,2022-01-03,2022-12-30,246,785095.4790590499,-21.490452094095012,734779.2864838257,-26.522071351617438,-6.408926546810456,-34.48163365628799,706,702,4,"above_all=3,new_high=1.5,trend=1.5,volume=1.5,obv=1,relative_strength=2,macd=1.5,target=2,trust=2,foreign=1,kd_cross=1.5",,ma5_or_kd_dead80
kd_kd_cross0_kd_cross_low0.75_kd_above0_gate90_ma5,2022-01-03,2022-12-30,246,785095.4790590499,-21.490452094095012,734483.099641876,-26.551690035812403,-6.446652766085692,-35.33123559407888,675,670,5,"above_all=3,new_high=1.5,trend=1.5,volume=1.5,obv=1,relative_strength=2,macd=1.5,target=2,trust=2,foreign=1,kd_cross_low=0.75",90.0,ma5
kd_kd_cross1.5_kd_cross_low0_kd_above1_gate90_ma5,2022-01-03,2022-12-30,246,785095.4790590499,-21.490452094095012,734351.6668514103,-26.564833314858973,-6.4633937605215745,-36.230020128311665,744,739,5,"above_all=3,new_high=1.5,trend=1.5,volume=1.5,obv=1,relative_strength=2,macd=1.5,target=2,trust=2,foreign=1,kd_cross=1.5,kd_above=1",90.0,ma5
kd_kd_cross0_kd_cross_low0_kd_above0.5_gatenone_ma5_and_kd_bear,2022-01-03,2022-12-30,246,785095.4790590499,-21.490452094095012,734259.4319699055,-26.574056803009448,-6.475141998024525,-34.06233111624457,683,676,7,"above_all=3,new_high=1.5,trend=1.5,volume=1.5,obv=1,relative_strength=2,macd=1.5,target=2,trust=2,foreign=1,kd_above=0.5",,ma5_and_kd_bear
kd_kd_cross0_kd_cross_low1.5_kd_above0.5_gate90_ma5,2022-01-03,2022-12-30,246,785095.4790590499,-21.490452094095012,733649.7256992724,-26.635027430072768,-6.552802140885605,-35.32756006295544,701,696,5,"above_all=3,new_high=1.5,trend=1.5,volume=1.5,obv=1,relative_strength=2,macd=1.5,target=2,trust=2,foreign=1,kd_cross_low=1.5,kd_above=0.5",90.0,ma5
kd_kd_cross0_kd_cross_low0.75_kd_above0_gate90_ma5_or_kd_dead80,2022-01-03,2022-12-30,246,785095.4790590499,-21.490452094095012,733532.5266408185,-26.646747335918153,-6.567730141565775,-34.50898805904106,710,705,5,"above_all=3,new_high=1.5,trend=1.5,volume=1.5,obv=1,relative_strength=2,macd=1.5,target=2,trust=2,foreign=1,kd_cross_low=0.75",90.0,ma5_or_kd_dead80
kd_kd_cross0_kd_cross_low0_kd_above0_gate80_ma5,2022-01-03,2022-12-30,246,785095.4790590499,-21.490452094095012,733308.061419182,-26.669193858081798,-6.596320959832291,-32.34877034314049,779,774,5,"above_all=3,new_high=1.5,trend=1.5,volume=1.5,obv=1,relative_strength=2,macd=1.5,target=2,trust=2,foreign=1",80.0,ma5
kd_kd_cross0_kd_cross_low0_kd_above0_gatenone_ma5_and_kd_bear,2022-01-03,2022-12-30,246,785095.4790590499,-21.490452094095012,733292.0657459099,-26.670793425409013,-6.598358377407443,-32.58255988204857,770,762,8,"above_all=3,new_high=1.5,trend=1.5,volume=1.5,obv=1,relative_strength=2,macd=1.5,target=2,trust=2,foreign=1",,ma5_and_kd_bear
kd_kd_cross0_kd_cross_low0.75_kd_above0_gatenone_ma5_or_kd_dead80,2022-01-03,2022-12-30,246,785095.4790590499,-21.490452094095012,733217.1603211387,-26.67828396788613,-6.607899309277421,-34.123475307495845,716,711,5,"above_all=3,new_high=1.5,trend=1.5,volume=1.5,obv=1,relative_strength=2,macd=1.5,target=2,trust=2,foreign=1,kd_cross_low=0.75",,ma5_or_kd_dead80
kd_kd_cross1.5_kd_cross_low0_kd_above0_gate90_ma5_or_kd_dead80,2022-01-03,2022-12-30,246,785095.4790590499,-21.490452094095012,733134.0608875942,-26.686593911240575,-6.618483936976971,-34.70714719742053,703,699,4,"above_all=3,new_high=1.5,trend=1.5,volume=1.5,obv=1,relative_strength=2,macd=1.5,target=2,trust=2,foreign=1,kd_cross=1.5",90.0,ma5_or_kd_dead80
kd_kd_cross0.75_kd_cross_low0_kd_above0_gate90_ma5,2022-01-03,2022-12-30,246,785095.4790590499,-21.490452094095012,733015.405480918,-26.698459451908196,-6.633597437161487,-34.59292171219889,703,698,5,"above_all=3,new_high=1.5,trend=1.5,volume=1.5,obv=1,relative_strength=2,macd=1.5,target=2,trust=2,foreign=1,kd_cross=0.75",90.0,ma5
kd_kd_cross0.75_kd_cross_low0_kd_above0.5_gatenone_ma5_or_kd_dead80,2022-01-03,2022-12-30,246,785095.4790590499,-21.490452094095012,732662.0537926839,-26.73379462073161,-6.678604916845066,-33.948713893893526,735,730,5,"above_all=3,new_high=1.5,trend=1.5,volume=1.5,obv=1,relative_strength=2,macd=1.5,target=2,trust=2,foreign=1,kd_cross=0.75,kd_above=0.5",,ma5_or_kd_dead80
kd_kd_cross0_kd_cross_low0.75_kd_above0.5_gatenone_ma5_or_kd_dead,2022-01-03,2022-12-30,246,785095.4790590499,-21.490452094095012,731941.5475142227,-26.805845248577732,-6.770377993837517,-34.87644636405085,715,710,5,"above_all=3,new_high=1.5,trend=1.5,volume=1.5,obv=1,relative_strength=2,macd=1.5,target=2,trust=2,foreign=1,kd_cross_low=0.75,kd_above=0.5",,ma5_or_kd_dead
kd_kd_cross0_kd_cross_low0.75_kd_above1_gate80_ma5_or_kd_dead,2022-01-03,2022-12-30,246,785095.4790590499,-21.490452094095012,730653.4862620329,-26.934651373796715,-6.934442274749387,-32.26747454541864,663,658,5,"above_all=3,new_high=1.5,trend=1.5,volume=1.5,obv=1,relative_strength=2,macd=1.5,target=2,trust=2,foreign=1,kd_cross_low=0.75,kd_above=1",80.0,ma5_or_kd_dead
kd_kd_cross1.5_kd_cross_low0_kd_above0.5_gate90_ma5_or_kd_dead,2022-01-03,2022-12-30,246,785095.4790590499,-21.490452094095012,730649.3064245646,-26.93506935754354,-6.934974673365835,-33.16538383146737,813,808,5,"above_all=3,new_high=1.5,trend=1.5,volume=1.5,obv=1,relative_strength=2,macd=1.5,target=2,trust=2,foreign=1,kd_cross=1.5,kd_above=0.5",90.0,ma5_or_kd_dead
kd_kd_cross0.75_kd_cross_low0_kd_above0.5_gate90_ma5_and_kd_bear,2022-01-03,2022-12-30,246,785095.4790590499,-21.490452094095012,730617.1609875823,-26.938283901241768,-6.939069135484099,-35.442989434125835,637,631,6,"above_all=3,new_high=1.5,trend=1.5,volume=1.5,obv=1,relative_strength=2,macd=1.5,target=2,trust=2,foreign=1,kd_cross=0.75,kd_above=0.5",90.0,ma5_and_kd_bear
kd_kd_cross0.75_kd_cross_low0_kd_above0_gate90_ma5_or_kd_dead,2022-01-03,2022-12-30,246,785095.4790590499,-21.490452094095012,730184.5159405853,-26.981548405941467,-6.9941764515414455,-33.59072377746345,753,748,5,"above_all=3,new_high=1.5,trend=1.5,volume=1.5,obv=1,relative_strength=2,macd=1.5,target=2,trust=2,foreign=1,kd_cross=0.75",90.0,ma5_or_kd_dead
kd_kd_cross0_kd_cross_low1.5_kd_above0.5_gate90_ma5_or_kd_dead80,2022-01-03,2022-12-30,246,785095.4790590499,-21.490452094095012,730133.1637586673,-26.986683624133267,-7.000717335203078,-34.66570894366622,741,736,5,"above_all=3,new_high=1.5,trend=1.5,volume=1.5,obv=1,relative_strength=2,macd=1.5,target=2,trust=2,foreign=1,kd_cross_low=1.5,kd_above=0.5",90.0,ma5_or_kd_dead80
kd_kd_cross0_kd_cross_low1.5_kd_above0.5_gatenone_ma5_or_kd_dead80,2022-01-03,2022-12-30,246,785095.4790590499,-21.490452094095012,729836.9461950278,-27.01630538049722,-7.038447467593412,-34.5194487164732,746,741,5,"above_all=3,new_high=1.5,trend=1.5,volume=1.5,obv=1,relative_strength=2,macd=1.5,target=2,trust=2,foreign=1,kd_cross_low=1.5,kd_above=0.5",,ma5_or_kd_dead80
kd_kd_cross1.5_kd_cross_low0_kd_above0.5_gate80_ma5,2022-01-03,2022-12-30,246,785095.4790590499,-21.490452094095012,729499.5607232866,-27.05004392767134,-7.081421281701417,-33.42378035011373,674,669,5,"above_all=3,new_high=1.5,trend=1.5,volume=1.5,obv=1,relative_strength=2,macd=1.5,target=2,trust=2,foreign=1,kd_cross=1.5,kd_above=0.5",80.0,ma5
kd_kd_cross0_kd_cross_low0.75_kd_above1_gate80_ma5_and_kd_bear,2022-01-03,2022-12-30,246,785095.4790590499,-21.490452094095012,729062.5593025726,-27.09374406974274,-7.137083482334361,-33.379036743474714,586,580,6,"above_all=3,new_high=1.5,trend=1.5,volume=1.5,obv=1,relative_strength=2,macd=1.5,target=2,trust=2,foreign=1,kd_cross_low=0.75,kd_above=1",80.0,ma5_and_kd_bear
kd_kd_cross0.75_kd_cross_low0_kd_above0_gatenone_ma5_or_kd_dead,2022-01-03,2022-12-30,246,785095.4790590499,-21.490452094095012,728986.4507663485,-27.10135492336515,-7.146777658170822,-33.465382648196474,758,753,5,"above_all=3,new_high=1.5,trend=1.5,volume=1.5,obv=1,relative_strength=2,macd=1.5,target=2,trust=2,foreign=1,kd_cross=0.75",,ma5_or_kd_dead
kd_kd_cross0_kd_cross_low0.75_kd_above0_gate80_ma5_or_kd_dead80,2022-01-03,2022-12-30,246,785095.4790590499,-21.490452094095012,728728.4882006597,-27.127151179934028,-7.179635135072604,-33.517351902597284,597,592,5,"above_all=3,new_high=1.5,trend=1.5,volume=1.5,obv=1,relative_strength=2,macd=1.5,target=2,trust=2,foreign=1,kd_cross_low=0.75",80.0,ma5_or_kd_dead80
kd_kd_cross0.75_kd_cross_low0_kd_above0.5_gatenone_ma5,2022-01-03,2022-12-30,246,785095.4790590499,-21.490452094095012,728680.4154602721,-27.131958453972793,-7.18575830628807,-34.822869163849255,703,697,6,"above_all=3,new_high=1.5,trend=1.5,volume=1.5,obv=1,relative_strength=2,macd=1.5,target=2,trust=2,foreign=1,kd_cross=0.75,kd_above=0.5",,ma5
kd_kd_cross0_kd_cross_low1.5_kd_above1_gatenone_ma5,2022-01-03,2022-12-30,246,785095.4790590499,-21.490452094095012,728492.194381174,-27.15078056188259,-7.209732597838392,-36.13172560193938,699,693,6,"above_all=3,new_high=1.5,trend=1.5,volume=1.5,obv=1,relative_strength=2,macd=1.5,target=2,trust=2,foreign=1,kd_cross_low=1.5,kd_above=1",,ma5
kd_kd_cross0.75_kd_cross_low0_kd_above0.5_gatenone_ma5_or_kd_dead,2022-01-03,2022-12-30,246,785095.4790590499,-21.490452094095012,727436.3012821625,-27.256369871783747,-7.344224914655328,-33.94195698728046,758,753,5,"above_all=3,new_high=1.5,trend=1.5,volume=1.5,obv=1,relative_strength=2,macd=1.5,target=2,trust=2,foreign=1,kd_cross=0.75,kd_above=0.5",,ma5_or_kd_dead
kd_kd_cross0_kd_cross_low1.5_kd_above0_gate80_ma5_or_kd_dead,2022-01-03,2022-12-30,246,785095.4790590499,-21.490452094095012,727345.2439672671,-27.26547560327329,-7.355823161916231,-35.39737886449558,534,530,4,"above_all=3,new_high=1.5,trend=1.5,volume=1.5,obv=1,relative_strength=2,macd=1.5,target=2,trust=2,foreign=1,kd_cross_low=1.5",80.0,ma5_or_kd_dead
kd_kd_cross1.5_kd_cross_low0_kd_above0_gatenone_ma5,2022-01-03,2022-12-30,246,785095.4790590499,-21.490452094095012,727251.9867072785,-27.274801329272147,-7.367701622877476,-35.85937445871993,672,667,5,"above_all=3,new_high=1.5,trend=1.5,volume=1.5,obv=1,relative_strength=2,macd=1.5,target=2,trust=2,foreign=1,kd_cross=1.5",,ma5
kd_kd_cross0_kd_cross_low1.5_kd_above1_gate90_ma5_or_kd_dead,2022-01-03,2022-12-30,246,785095.4790590499,-21.490452094095012,727205.3265276039,-27.279467347239606,-7.373644871936891,-35.030265974175734,746,741,5,"above_all=3,new_high=1.5,trend=1.5,volume=1.5,obv=1,relative_strength=2,macd=1.5,target=2,trust=2,foreign=1,kd_cross_low=1.5,kd_above=1",90.0,ma5_or_kd_dead
kd_kd_cross1.5_kd_cross_low0_kd_above0_gate80_ma5_or_kd_dead,2022-01-03,2022-12-30,246,785095.4790590499,-21.490452094095012,726465.8803654519,-27.35341196345481,-7.46783037954396,-35.0333164151125,594,590,4,"above_all=3,new_high=1.5,trend=1.5,volume=1.5,obv=1,relative_strength=2,macd=1.5,target=2,trust=2,foreign=1,kd_cross=1.5",80.0,ma5_or_kd_dead
kd_kd_cross0_kd_cross_low1.5_kd_above1_gatenone_ma5_or_kd_dead,2022-01-03,2022-12-30,246,785095.4790590499,-21.490452094095012,726227.0631822344,-27.37729368177656,-7.498249250826183,-34.61208058946159,755,750,5,"above_all=3,new_high=1.5,trend=1.5,volume=1.5,obv=1,relative_strength=2,macd=1.5,target=2,trust=2,foreign=1,kd_cross_low=1.5,kd_above=1",,ma5_or_kd_dead
kd_kd_cross0_kd_cross_low0.75_kd_above0.5_gate80_ma5_or_kd_dead80,2022-01-03,2022-12-30,246,785095.4790590499,-21.490452094095012,726176.656520875,-27.382334347912497,-7.504669700657307,-34.603892534895984,579,574,5,"above_all=3,new_high=1.5,trend=1.5,volume=1.5,obv=1,relative_strength=2,macd=1.5,target=2,trust=2,foreign=1,kd_cross_low=0.75,kd_above=0.5",80.0,ma5_or_kd_dead80
kd_kd_cross1.5_kd_cross_low0_kd_above0.5_gate90_ma5_or_kd_dead80,2022-01-03,2022-12-30,246,785095.4790590499,-21.490452094095012,725135.6546124566,-27.486434538754345,-7.637265281218553,-33.96896540222541,789,784,5,"above_all=3,new_high=1.5,trend=1.5,volume=1.5,obv=1,relative_strength=2,macd=1.5,target=2,trust=2,foreign=1,kd_cross=1.5,kd_above=0.5",90.0,ma5_or_kd_dead80
kd_kd_cross0.75_kd_cross_low0_kd_above0_gatenone_ma5_or_kd_dead80,2022-01-03,2022-12-30,246,785095.4790590499,-21.490452094095012,724774.2068482614,-27.522579315173857,-7.683303982731438,-34.210766373343496,743,738,5,"above_all=3,new_high=1.5,trend=1.5,volume=1.5,obv=1,relative_strength=2,macd=1.5,target=2,trust=2,foreign=1,kd_cross=0.75",,ma5_or_kd_dead80
kd_kd_cross0_kd_cross_low1.5_kd_above0.5_gatenone_ma5,2022-01-03,2022-12-30,246,785095.4790590499,-21.490452094095012,724122.6948218794,-27.58773051781206,-7.766289051905817,-35.4567627308551,703,697,6,"above_all=3,new_high=1.5,trend=1.5,volume=1.5,obv=1,relative_strength=2,macd=1.5,target=2,trust=2,foreign=1,kd_cross_low=1.5,kd_above=0.5",,ma5
kd_kd_cross1.5_kd_cross_low0_kd_above1_gate80_ma5_or_kd_dead80,2022-01-03,2022-12-30,246,785095.4790590499,-21.490452094095012,724005.5914517156,-27.599440854828437,-7.781204864477321,-34.031979352963134,675,670,5,"above_all=3,new_high=1.5,trend=1.5,volume=1.5,obv=1,relative_strength=2,macd=1.5,target=2,trust=2,foreign=1,kd_cross=1.5,kd_above=1",80.0,ma5_or_kd_dead80
kd_kd_cross0_kd_cross_low1.5_kd_above1_gate80_ma5,2022-01-03,2022-12-30,246,785095.4790590499,-21.490452094095012,723914.1056177134,-27.60858943822866,-7.7928576935207055,-34.689440488734604,609,604,5,"above_all=3,new_high=1.5,trend=1.5,volume=1.5,obv=1,relative_strength=2,macd=1.5,target=2,trust=2,foreign=1,kd_cross_low=1.5,kd_above=1",80.0,ma5
kd_kd_cross0.75_kd_cross_low0_kd_above0.5_gate90_ma5_or_kd_dead,2022-01-03,2022-12-30,246,785095.4790590499,-21.490452094095012,723506.9752398081,-27.649302476019187,-7.844715128541646,-34.657386306034724,750,745,5,"above_all=3,new_high=1.5,trend=1.5,volume=1.5,obv=1,relative_strength=2,macd=1.5,target=2,trust=2,foreign=1,kd_cross=0.75,kd_above=0.5",90.0,ma5_or_kd_dead
kd_kd_cross0_kd_cross_low0.75_kd_above0.5_gatenone_ma5_and_kd_bear,2022-01-03,2022-12-30,246,785095.4790590499,-21.490452094095012,722534.0956062832,-27.746590439371687,-7.968633767672129,-36.38619771873171,613,606,7,"above_all=3,new_high=1.5,trend=1.5,volume=1.5,obv=1,relative_strength=2,macd=1.5,target=2,trust=2,foreign=1,kd_cross_low=0.75,kd_above=0.5",,ma5_and_kd_bear
kd_kd_cross1.5_kd_cross_low0_kd_above0_gatenone_ma5_or_kd_dead,2022-01-03,2022-12-30,246,785095.4790590499,-21.490452094095012,721891.778295,-27.810822170500003,-8.050447678007345,-34.678928332580924,724,720,4,"above_all=3,new_high=1.5,trend=1.5,volume=1.5,obv=1,relative_strength=2,macd=1.5,target=2,trust=2,foreign=1,kd_cross=1.5",,ma5_or_kd_dead
kd_kd_cross1.5_kd_cross_low0_kd_above0_gate80_ma5_and_kd_bear,2022-01-03,2022-12-30,246,785095.4790590499,-21.490452094095012,721402.3805865247,-27.85976194134753,-8.112783753240105,-35.59579350853903,545,540,5,"above_all=3,new_high=1.5,trend=1.5,volume=1.5,obv=1,relative_strength=2,macd=1.5,target=2,trust=2,foreign=1,kd_cross=1.5",80.0,ma5_and_kd_bear
kd_kd_cross0.75_kd_cross_low0_kd_above0_gate90_ma5_and_kd_bear,2022-01-03,2022-12-30,246,785095.4790590499,-21.490452094095012,720760.256390699,-27.923974360930103,-8.194573065871902,-36.08523437011202,647,641,6,"above_all=3,new_high=1.5,trend=1.5,volume=1.5,obv=1,relative_strength=2,macd=1.5,target=2,trust=2,foreign=1,kd_cross=0.75",90.0,ma5_and_kd_bear
kd_kd_cross1.5_kd_cross_low0_kd_above0_gate90_ma5_or_kd_dead,2022-01-03,2022-12-30,246,785095.4790590499,-21.490452094095012,720681.5573590731,-27.931844264092685,-8.204597200989861,-34.99980971058327,723,719,4,"above_all=3,new_high=1.5,trend=1.5,volume=1.5,obv=1,relative_strength=2,macd=1.5,target=2,trust=2,foreign=1,kd_cross=1.5",90.0,ma5_or_kd_dead
kd_kd_cross0_kd_cross_low1.5_kd_above0.5_gate90_ma5_or_kd_dead,2022-01-03,2022-12-30,246,785095.4790590499,-21.490452094095012,720551.3935389186,-27.94486064610814,-8.22117656281609,-34.9518624617988,752,747,5,"above_all=3,new_high=1.5,trend=1.5,volume=1.5,obv=1,relative_strength=2,macd=1.5,target=2,trust=2,foreign=1,kd_cross_low=1.5,kd_above=0.5",90.0,ma5_or_kd_dead
kd_kd_cross0.75_kd_cross_low0_kd_above0_gate80_ma5_or_kd_dead80,2022-01-03,2022-12-30,246,785095.4790590499,-21.490452094095012,719876.2969086544,-28.01237030913456,-8.307165674748473,-34.00753983988341,622,617,5,"above_all=3,new_high=1.5,trend=1.5,volume=1.5,obv=1,relative_strength=2,macd=1.5,target=2,trust=2,foreign=1,kd_cross=0.75",80.0,ma5_or_kd_dead80
kd_kd_cross0_kd_cross_low1.5_kd_above0.5_gatenone_ma5_or_kd_dead,2022-01-03,2022-12-30,246,785095.4790590499,-21.490452094095012,719438.8055083716,-28.056119449162843,-8.362890285569968,-34.5034187191775,759,754,5,"above_all=3,new_high=1.5,trend=1.5,volume=1.5,obv=1,relative_strength=2,macd=1.5,target=2,trust=2,foreign=1,kd_cross_low=1.5,kd_above=0.5",,ma5_or_kd_dead
kd_kd_cross1.5_kd_cross_low0_kd_above0.5_gatenone_ma5_or_kd_dead,2022-01-03,2022-12-30,246,785095.4790590499,-21.490452094095012,719415.1156300466,-28.058488436995344,-8.365907737454082,-33.73686271962352,818,813,5,"above_all=3,new_high=1.5,trend=1.5,volume=1.5,obv=1,relative_strength=2,macd=1.5,target=2,trust=2,foreign=1,kd_cross=1.5,kd_above=0.5",,ma5_or_kd_dead
kd_kd_cross0_kd_cross_low0.75_kd_above0_gate90_ma5_or_kd_dead,2022-01-03,2022-12-30,246,785095.4790590499,-21.490452094095012,719256.8241756172,-28.07431758243828,-8.386069801642648,-34.9655708786589,726,721,5,"above_all=3,new_high=1.5,trend=1.5,volume=1.5,obv=1,relative_strength=2,macd=1.5,target=2,trust=2,foreign=1,kd_cross_low=0.75",90.0,ma5_or_kd_dead
kd_kd_cross0.75_kd_cross_low0_kd_above0_gate80_ma5_or_kd_dead,2022-01-03,2022-12-30,246,785095.4790590499,-21.490452094095012,718850.9173843989,-28.11490826156011,-8.437771384704218,-33.45652906093667,629,624,5,"above_all=3,new_high=1.5,trend=1.5,volume=1.5,obv=1,relative_strength=2,macd=1.5,target=2,trust=2,foreign=1,kd_cross=0.75",80.0,ma5_or_kd_dead
kd_kd_cross0_kd_cross_low0.75_kd_above0_gatenone_ma5_or_kd_dead,2022-01-03,2022-12-30,246,785095.4790590499,-21.490452094095012,718782.5813177156,-28.121741868228444,-8.446475557445755,-34.77700539046723,731,726,5,"above_all=3,new_high=1.5,trend=1.5,volume=1.5,obv=1,relative_strength=2,macd=1.5,target=2,trust=2,foreign=1,kd_cross_low=0.75",,ma5_or_kd_dead
kd_kd_cross0.75_kd_cross_low0_kd_above0_gate80_ma5,2022-01-03,2022-12-30,246,785095.4790590499,-21.490452094095012,718603.5163725433,-28.139648362745675,-8.469283604358324,-34.47146148693297,617,612,5,"above_all=3,new_high=1.5,trend=1.5,volume=1.5,obv=1,relative_strength=2,macd=1.5,target=2,trust=2,foreign=1,kd_cross=0.75",80.0,ma5
kd_kd_cross1.5_kd_cross_low0_kd_above1_gate80_ma5_or_kd_dead,2022-01-03,2022-12-30,246,785095.4790590499,-21.490452094095012,718316.804373061,-28.1683195626939,-8.505802984119104,-34.0104925288928,683,678,5,"above_all=3,new_high=1.5,trend=1.5,volume=1.5,obv=1,relative_strength=2,macd=1.5,target=2,trust=2,foreign=1,kd_cross=1.5,kd_above=1",80.0,ma5_or_kd_dead
kd_kd_cross0.75_kd_cross_low0_kd_above0.5_gatenone_ma5_and_kd_bear,2022-01-03,2022-12-30,246,785095.4790590499,-21.490452094095012,717521.5549772901,-28.24784450227099,-8.60709631938631,-35.7331513629182,640,633,7,"above_all=3,new_high=1.5,trend=1.5,volume=1.5,obv=1,relative_strength=2,macd=1.5,target=2,trust=2,foreign=1,kd_cross=0.75,kd_above=0.5",,ma5_and_kd_bear
kd_kd_cross0.75_kd_cross_low0_kd_above1_gate80_ma5_or_kd_dead,2022-01-03,2022-12-30,246,785095.4790590499,-21.490452094095012,717370.8165793575,-28.262918342064246,-8.626296327786974,-33.08271508258805,679,674,5,"above_all=3,new_high=1.5,trend=1.5,volume=1.5,obv=1,relative_strength=2,macd=1.5,target=2,trust=2,foreign=1,kd_cross=0.75,kd_above=1",80.0,ma5_or_kd_dead
kd_kd_cross0_kd_cross_low0.75_kd_above0_gate90_ma5_and_kd_bear,2022-01-03,2022-12-30,246,785095.4790590499,-21.490452094095012,716965.6956256323,-28.303430437436774,-8.677897816335955,-36.328497490339906,626,620,6,"above_all=3,new_high=1.5,trend=1.5,volume=1.5,obv=1,relative_strength=2,macd=1.5,target=2,trust=2,foreign=1,kd_cross_low=0.75",90.0,ma5_and_kd_bear
kd_kd_cross0_kd_cross_low0.75_kd_above0_gatenone_ma5,2022-01-03,2022-12-30,246,785095.4790590499,-21.490452094095012,716712.8813290307,-28.328711867096924,-8.710099542539318,-36.027386776187065,676,670,6,"above_all=3,new_high=1.5,trend=1.5,volume=1.5,obv=1,relative_strength=2,macd=1.5,target=2,trust=2,foreign=1,kd_cross_low=0.75",,ma5
kd_kd_cross0_kd_cross_low0_kd_above0.5_gate80_ma5_or_kd_dead,2022-01-03,2022-12-30,246,785095.4790590499,-21.490452094095012,716171.7712368764,-28.382822876312364,-8.779022381428014,-32.79672954308397,681,676,5,"above_all=3,new_high=1.5,trend=1.5,volume=1.5,obv=1,relative_strength=2,macd=1.5,target=2,trust=2,foreign=1,kd_above=0.5",80.0,ma5_or_kd_dead
kd_kd_cross0_kd_cross_low1.5_kd_above0.5_gate80_ma5,2022-01-03,2022-12-30,246,785095.4790590499,-21.490452094095012,714997.1769449206,-28.50028230550794,-8.928634030365746,-35.070654006284144,617,612,5,"above_all=3,new_high=1.5,trend=1.5,volume=1.5,obv=1,relative_strength=2,macd=1.5,target=2,trust=2,foreign=1,kd_cross_low=1.5,kd_above=0.5",80.0,ma5
kd_kd_cross0_kd_cross_low0_kd_above0_gate80_ma5_or_kd_dead,2022-01-03,2022-12-30,246,785095.4790590499,-21.490452094095012,713422.9958681486,-28.65770041318514,-9.129142263919531,-33.031928691310995,805,800,5,"above_all=3,new_high=1.5,trend=1.5,volume=1.5,obv=1,relative_strength=2,macd=1.5,target=2,trust=2,foreign=1",80.0,ma5_or_kd_dead
kd_kd_cross0_kd_cross_low1.5_kd_above0.5_gate90_ma5_and_kd_bear,2022-01-03,2022-12-30,246,785095.4790590499,-21.490452094095012,712453.2796218022,-28.754672037819784,-9.25265797279977,-37.20854196695866,640,633,7,"above_all=3,new_high=1.5,trend=1.5,volume=1.5,obv=1,relative_strength=2,macd=1.5,target=2,trust=2,foreign=1,kd_cross_low=1.5,kd_above=0.5",90.0,ma5_and_kd_bear
kd_kd_cross0_kd_cross_low0_kd_above0.5_gate80_ma5_and_kd_bear,2022-01-03,2022-12-30,246,785095.4790590499,-21.490452094095012,711834.1286843662,-28.816587131563377,-9.331521111609076,-33.83790884750232,608,602,6,"above_all=3,new_high=1.5,trend=1.5,volume=1.5,obv=1,relative_strength=2,macd=1.5,target=2,trust=2,foreign=1,kd_above=0.5",80.0,ma5_and_kd_bear
kd_kd_cross0_kd_cross_low1.5_kd_above1_gate80_ma5_or_kd_dead80,2022-01-03,2022-12-30,246,785095.4790590499,-21.490452094095012,711504.6083545157,-28.84953916454842,-9.373493118662967,-35.23328416733897,613,608,5,"above_all=3,new_high=1.5,trend=1.5,volume=1.5,obv=1,relative_strength=2,macd=1.5,target=2,trust=2,foreign=1,kd_cross_low=1.5,kd_above=1",80.0,ma5_or_kd_dead80
kd_kd_cross0_kd_cross_low1.5_kd_above1_gate90_ma5_and_kd_bear,2022-01-03,2022-12-30,246,785095.4790590499,-21.490452094095012,711478.7088644952,-28.852129113550482,-9.376792015512002,-37.89180127168761,630,623,7,"above_all=3,new_high=1.5,trend=1.5,volume=1.5,obv=1,relative_strength=2,macd=1.5,target=2,trust=2,foreign=1,kd_cross_low=1.5,kd_above=1",90.0,ma5_and_kd_bear
kd_kd_cross1.5_kd_cross_low0_kd_above0.5_gatenone_ma5_or_kd_dead80,2022-01-03,2022-12-30,246,785095.4790590499,-21.490452094095012,711308.2749305897,-28.869172506941034,-9.398500704257696,-34.73945301965858,790,785,5,"above_all=3,new_high=1.5,trend=1.5,volume=1.5,obv=1,relative_strength=2,macd=1.5,target=2,trust=2,foreign=1,kd_cross=1.5,kd_above=0.5",,ma5_or_kd_dead80
kd_kd_cross0.75_kd_cross_low0_kd_above0.5_gate80_ma5_or_kd_dead80,2022-01-03,2022-12-30,246,785095.4790590499,-21.490452094095012,710757.265147081,-28.924273485291895,-9.468684496956282,-34.9885578712106,623,618,5,"above_all=3,new_high=1.5,trend=1.5,volume=1.5,obv=1,relative_strength=2,macd=1.5,target=2,trust=2,foreign=1,kd_cross=0.75,kd_above=0.5",80.0,ma5_or_kd_dead80
kd_kd_cross0_kd_cross_low0.75_kd_above0.5_gate80_ma5_or_kd_dead,2022-01-03,2022-12-30,246,785095.4790590499,-21.490452094095012,710544.666744168,-28.945533325583195,-9.49576380241448,-34.99085821569334,580,575,5,"above_all=3,new_high=1.5,trend=1.5,volume=1.5,obv=1,relative_strength=2,macd=1.5,target=2,trust=2,foreign=1,kd_cross_low=0.75,kd_above=0.5",80.0,ma5_or_kd_dead
kd_kd_cross0.75_kd_cross_low0_kd_above0.5_gate80_ma5,2022-01-03,2022-12-30,246,785095.4790590499,-21.490452094095012,710197.3020384652,-28.98026979615348,-9.54000870191628,-35.53176675782858,618,613,5,"above_all=3,new_high=1.5,trend=1.5,volume=1.5,obv=1,relative_strength=2,macd=1.5,target=2,trust=2,foreign=1,kd_cross=0.75,kd_above=0.5",80.0,ma5
kd_kd_cross0.75_kd_cross_low0_kd_above0_gatenone_ma5,2022-01-03,2022-12-30,246,785095.4790590499,-21.490452094095012,710094.1066676261,-28.990589333237395,-9.553153010295535,-35.637090634418946,705,699,6,"above_all=3,new_high=1.5,trend=1.5,volume=1.5,obv=1,relative_strength=2,macd=1.5,target=2,trust=2,foreign=1,kd_cross=0.75",,ma5
kd_kd_cross1.5_kd_cross_low0_kd_above0.5_gate90_ma5,2022-01-03,2022-12-30,246,785095.4790590499,-21.490452094095012,710043.6557238596,-28.995634427614046,-9.559579100511595,-36.201821335482265,751,746,5,"above_all=3,new_high=1.5,trend=1.5,volume=1.5,obv=1,relative_strength=2,macd=1.5,target=2,trust=2,foreign=1,kd_cross=1.5,kd_above=0.5",90.0,ma5
kd_kd_cross0_kd_cross_low0.75_kd_above0_gate80_ma5_or_kd_dead,2022-01-03,2022-12-30,246,785095.4790590499,-21.490452094095012,709928.4067933622,-29.007159320663778,-9.574258707460226,-34.19891870166815,600,595,5,"above_all=3,new_high=1.5,trend=1.5,volume=1.5,obv=1,relative_strength=2,macd=1.5,target=2,trust=2,foreign=1,kd_cross_low=0.75",80.0,ma5_or_kd_dead
kd_kd_cross1.5_kd_cross_low0_kd_above0.5_gate80_ma5_or_kd_dead80,2022-01-03,2022-12-30,246,785095.4790590499,-21.490452094095012,709026.6300339992,-29.097336996600077,-9.689120757161973,-34.267831265300956,681,676,5,"above_all=3,new_high=1.5,trend=1.5,volume=1.5,obv=1,relative_strength=2,macd=1.5,target=2,trust=2,foreign=1,kd_cross=1.5,kd_above=0.5",80.0,ma5_or_kd_dead80
kd_kd_cross1.5_kd_cross_low0_kd_above1_gatenone_ma5,2022-01-03,2022-12-30,246,785095.4790590499,-21.490452094095012,708463.435809873,-29.153656419012698,-9.760856519135942,-37.07779700718851,742,736,6,"above_all=3,new_high=1.5,trend=1.5,volume=1.5,obv=1,relative_strength=2,macd=1.5,target=2,trust=2,foreign=1,kd_cross=1.5,kd_above=1",,ma5
kd_kd_cross0_kd_cross_low0.75_kd_above0_gatenone_ma5_and_kd_bear,2022-01-03,2022-12-30,246,785095.4790590499,-21.490452094095012,708191.52970312,-29.180847029687996,-9.795490027289489,-36.404137958953356,627,620,7,"above_all=3,new_high=1.5,trend=1.5,volume=1.5,obv=1,relative_strength=2,macd=1.5,target=2,trust=2,foreign=1,kd_cross_low=0.75",,ma5_and_kd_bear
kd_kd_cross1.5_kd_cross_low0_kd_above0.5_gate80_ma5_or_kd_dead,2022-01-03,2022-12-30,246,785095.4790590499,-21.490452094095012,707054.5084120061,-29.294549158799388,-9.940315888785555,-34.17722951591616,691,686,5,"above_all=3,new_high=1.5,trend=1.5,volume=1.5,obv=1,relative_strength=2,macd=1.5,target=2,trust=2,foreign=1,kd_cross=1.5,kd_above=0.5",80.0,ma5_or_kd_dead
kd_kd_cross0_kd_cross_low0.75_kd_above0.5_gate80_ma5_and_kd_bear,2022-01-03,2022-12-30,246,785095.4790590499,-21.490452094095012,706084.0195181107,-29.39159804818894,-10.063930012135058,-36.227639271877734,535,529,6,"above_all=3,new_high=1.5,trend=1.5,volume=1.5,obv=1,relative_strength=2,macd=1.5,target=2,trust=2,foreign=1,kd_cross_low=0.75,kd_above=0.5",80.0,ma5_and_kd_bear
kd_kd_cross0_kd_cross_low1.5_kd_above0.5_gate80_ma5_or_kd_dead80,2022-01-03,2022-12-30,246,785095.4790590499,-21.490452094095012,704965.2026799407,-29.50347973200592,-10.206437117068434,-35.71602909034899,620,615,5,"above_all=3,new_high=1.5,trend=1.5,volume=1.5,obv=1,relative_strength=2,macd=1.5,target=2,trust=2,foreign=1,kd_cross_low=1.5,kd_above=0.5",80.0,ma5_or_kd_dead80
kd_kd_cross1.5_kd_cross_low0_kd_above0.5_gate90_ma5_and_kd_bear,2022-01-03,2022-12-30,246,785095.4790590499,-21.490452094095012,703292.505333096,-29.670749466690395,-10.419493667699642,-37.68507046305264,674,666,8,"above_all=3,new_high=1.5,trend=1.5,volume=1.5,obv=1,relative_strength=2,macd=1.5,target=2,trust=2,foreign=1,kd_cross=1.5,kd_above=0.5",90.0,ma5_and_kd_bear
kd_kd_cross1.5_kd_cross_low0_kd_above1_gate90_ma5_and_kd_bear,2022-01-03,2022-12-30,246,785095.4790590499,-21.490452094095012,702243.9196910206,-29.77560803089794,-10.553055211492012,-38.34551778066639,665,657,8,"above_all=3,new_high=1.5,trend=1.5,volume=1.5,obv=1,relative_strength=2,macd=1.5,target=2,trust=2,foreign=1,kd_cross=1.5,kd_above=1",90.0,ma5_and_kd_bear
kd_kd_cross0.75_kd_cross_low0_kd_above0.5_gate80_ma5_or_kd_dead,2022-01-03,2022-12-30,246,785095.4790590499,-21.490452094095012,701807.457785921,-29.8192542214079,-10.608648692379541,-35.38463864222889,629,624,5,"above_all=3,new_high=1.5,trend=1.5,volume=1.5,obv=1,relative_strength=2,macd=1.5,target=2,trust=2,foreign=1,kd_cross=0.75,kd_above=0.5",80.0,ma5_or_kd_dead
kd_kd_cross0_kd_cross_low0_kd_above0_gate80_ma5_and_kd_bear,2022-01-03,2022-12-30,246,785095.4790590499,-21.490452094095012,700522.5894288279,-29.947741057117216,-10.772306284527843,-33.85287091020156,709,703,6,"above_all=3,new_high=1.5,trend=1.5,volume=1.5,obv=1,relative_strength=2,macd=1.5,target=2,trust=2,foreign=1",80.0,ma5_and_kd_bear
kd_kd_cross0_kd_cross_low1.5_kd_above0.5_gatenone_ma5_and_kd_bear,2022-01-03,2022-12-30,246,785095.4790590499,-21.490452094095012,698547.735688789,-30.145226431121095,-11.023849414339992,-37.58325916553953,644,636,8,"above_all=3,new_high=1.5,trend=1.5,volume=1.5,obv=1,relative_strength=2,macd=1.5,target=2,trust=2,foreign=1,kd_cross_low=1.5,kd_above=0.5",,ma5_and_kd_bear
kd_kd_cross0.75_kd_cross_low0_kd_above0_gatenone_ma5_and_kd_bear,2022-01-03,2022-12-30,246,785095.4790590499,-21.490452094095012,698541.5589902684,-30.145844100973164,-11.024636159224588,-36.72012484729914,644,637,7,"above_all=3,new_high=1.5,trend=1.5,volume=1.5,obv=1,relative_strength=2,macd=1.5,target=2,trust=2,foreign=1,kd_cross=0.75",,ma5_and_kd_bear
kd_kd_cross0_kd_cross_low1.5_kd_above1_gate80_ma5_or_kd_dead,2022-01-03,2022-12-30,246,785095.4790590499,-21.490452094095012,696919.7650075817,-30.30802349924183,-11.231208993477871,-36.063847619244925,619,614,5,"above_all=3,new_high=1.5,trend=1.5,volume=1.5,obv=1,relative_strength=2,macd=1.5,target=2,trust=2,foreign=1,kd_cross_low=1.5,kd_above=1",80.0,ma5_or_kd_dead
kd_kd_cross1.5_kd_cross_low0_kd_above0.5_gatenone_ma5_and_kd_bear,2022-01-03,2022-12-30,246,785095.4790590499,-21.490452094095012,696864.0969622878,-30.31359030377122,-11.238299601789691,-38.08491885948377,675,666,9,"above_all=3,new_high=1.5,trend=1.5,volume=1.5,obv=1,relative_strength=2,macd=1.5,target=2,trust=2,foreign=1,kd_cross=1.5,kd_above=0.5",,ma5_and_kd_bear
kd_kd_cross1.5_kd_cross_low0_kd_above0.5_gatenone_ma5,2022-01-03,2022-12-30,246,785095.4790590499,-21.490452094095012,695344.351879418,-30.465564812058197,-11.431874157166222,-37.057055515261276,751,745,6,"above_all=3,new_high=1.5,trend=1.5,volume=1.5,obv=1,relative_strength=2,macd=1.5,target=2,trust=2,foreign=1,kd_cross=1.5,kd_above=0.5",,ma5
kd_kd_cross0_kd_cross_low0.75_kd_above0_gate80_ma5_and_kd_bear,2022-01-03,2022-12-30,246,785095.4790590499,-21.490452094095012,694691.8435929754,-30.530815640702457,-11.514986123015857,-35.923689941155914,556,550,6,"above_all=3,new_high=1.5,trend=1.5,volume=1.5,obv=1,relative_strength=2,macd=1.5,target=2,trust=2,foreign=1,kd_cross_low=0.75",80.0,ma5_and_kd_bear
kd_kd_cross0_kd_cross_low1.5_kd_above1_gatenone_ma5_and_kd_bear,2022-01-03,2022-12-30,246,785095.4790590499,-21.490452094095012,692204.2386963142,-30.77957613036858,-11.831839927809472,-38.28854629668361,636,628,8,"above_all=3,new_high=1.5,trend=1.5,volume=1.5,obv=1,relative_strength=2,macd=1.5,target=2,trust=2,foreign=1,kd_cross_low=1.5,kd_above=1",,ma5_and_kd_bear
kd_kd_cross1.5_kd_cross_low0_kd_above1_gate80_ma5_and_kd_bear,2022-01-03,2022-12-30,246,785095.4790590499,-21.490452094095012,691445.3055301568,-30.85546944698432,-11.928507554410373,-36.56850588553529,608,600,8,"above_all=3,new_high=1.5,trend=1.5,volume=1.5,obv=1,relative_strength=2,macd=1.5,target=2,trust=2,foreign=1,kd_cross=1.5,kd_above=1",80.0,ma5_and_kd_bear
kd_kd_cross1.5_kd_cross_low0_kd_above1_gatenone_ma5_and_kd_bear,2022-01-03,2022-12-30,246,785095.4790590499,-21.490452094095012,690699.02795483,-30.930097204517004,-12.023563199899668,-38.8094418015649,669,660,9,"above_all=3,new_high=1.5,trend=1.5,volume=1.5,obv=1,relative_strength=2,macd=1.5,target=2,trust=2,foreign=1,kd_cross=1.5,kd_above=1",,ma5_and_kd_bear
kd_kd_cross0_kd_cross_low1.5_kd_above0.5_gate80_ma5_or_kd_dead,2022-01-03,2022-12-30,246,785095.4790590499,-21.490452094095012,687038.5301001586,-31.29614698998413,-12.489811949549646,-36.57331013160825,627,622,5,"above_all=3,new_high=1.5,trend=1.5,volume=1.5,obv=1,relative_strength=2,macd=1.5,target=2,trust=2,foreign=1,kd_cross_low=1.5,kd_above=0.5",80.0,ma5_or_kd_dead
kd_kd_cross0.75_kd_cross_low0_kd_above0.5_gate80_ma5_and_kd_bear,2022-01-03,2022-12-30,246,785095.4790590499,-21.490452094095012,686241.897883897,-31.3758102116103,-12.591281418870304,-37.22798927101898,568,562,6,"above_all=3,new_high=1.5,trend=1.5,volume=1.5,obv=1,relative_strength=2,macd=1.5,target=2,trust=2,foreign=1,kd_cross=0.75,kd_above=0.5",80.0,ma5_and_kd_bear
kd_kd_cross1.5_kd_cross_low0_kd_above0.5_gate80_ma5_and_kd_bear,2022-01-03,2022-12-30,246,785095.4790590499,-21.490452094095012,685843.0619772561,-31.41569380227439,-12.64208236184845,-37.04005302416215,614,606,8,"above_all=3,new_high=1.5,trend=1.5,volume=1.5,obv=1,relative_strength=2,macd=1.5,target=2,trust=2,foreign=1,kd_cross=1.5,kd_above=0.5",80.0,ma5_and_kd_bear
kd_kd_cross0.75_kd_cross_low0_kd_above0_gate80_ma5_and_kd_bear,2022-01-03,2022-12-30,246,785095.4790590499,-21.490452094095012,681374.1919696305,-31.862580803036945,-13.211295932277057,-37.15135051979944,573,567,6,"above_all=3,new_high=1.5,trend=1.5,volume=1.5,obv=1,relative_strength=2,macd=1.5,target=2,trust=2,foreign=1,kd_cross=0.75",80.0,ma5_and_kd_bear
kd_kd_cross0_kd_cross_low1.5_kd_above1_gate80_ma5_and_kd_bear,2022-01-03,2022-12-30,246,785095.4790590499,-21.490452094095012,676993.8126948104,-32.30061873051896,-13.769238168814969,-38.014808420882005,563,556,7,"above_all=3,new_high=1.5,trend=1.5,volume=1.5,obv=1,relative_strength=2,macd=1.5,target=2,trust=2,foreign=1,kd_cross_low=1.5,kd_above=1",80.0,ma5_and_kd_bear
kd_kd_cross0_kd_cross_low1.5_kd_above0.5_gate80_ma5_and_kd_bear,2022-01-03,2022-12-30,246,785095.4790590499,-21.490452094095012,675991.8008899572,-32.40081991100428,-13.896867461248819,-37.502696208089084,570,563,7,"above_all=3,new_high=1.5,trend=1.5,volume=1.5,obv=1,relative_strength=2,macd=1.5,target=2,trust=2,foreign=1,kd_cross_low=1.5,kd_above=0.5",80.0,ma5_and_kd_bear
