label,start,end,trading_days,benchmark_final,benchmark_return_pct,active_final,active_return_pct,excess_pct,max_drawdown_pct,buys,sells,open_positions,weights,kd_gate,exit_rule,entry_gate
gate_rsi_le70,2018-01-02,2018-12-28,245,950614.8225456037,-4.93851774543963,1070353.6867813524,7.035368678135234,12.595939111816712,-14.16477063838364,908,898,10,"above_all=3,new_high=1.5,trend=1.5,volume=1.5,obv=1,relative_strength=2,macd=1.5,target=2,trust=2,foreign=1",,ma5,rsi_le70
gate_sq20_20,2018-01-02,2018-12-28,245,950614.8225456037,-4.93851774543963,1066378.9443182433,6.6378944318243205,12.177815770076105,-16.324361670189134,646,637,9,"above_all=3,new_high=1.5,trend=1.5,volume=1.5,obv=1,relative_strength=2,macd=1.5,target=2,trust=2,foreign=1",,ma5,sq20_20
gate_sq10_20,2018-01-02,2018-12-28,245,950614.8225456037,-4.93851774543963,1061994.4107393755,6.1994410739375505,11.716584420124443,-16.287716639679505,478,471,7,"above_all=3,new_high=1.5,trend=1.5,volume=1.5,obv=1,relative_strength=2,macd=1.5,target=2,trust=2,foreign=1",,ma5,sq10_20
gate_sq20_35,2018-01-02,2018-12-28,245,950614.8225456037,-4.93851774543963,1047302.7614123519,4.730276141235179,10.17109522948867,-17.234053446069943,802,792,10,"above_all=3,new_high=1.5,trend=1.5,volume=1.5,obv=1,relative_strength=2,macd=1.5,target=2,trust=2,foreign=1",,ma5,sq20_35
gate_above_upper,2018-01-02,2018-12-28,245,950614.8225456037,-4.93851774543963,1046661.9267674793,4.666192676747927,10.103682579309648,-14.28925185027734,275,272,3,"above_all=3,new_high=1.5,trend=1.5,volume=1.5,obv=1,relative_strength=2,macd=1.5,target=2,trust=2,foreign=1",,ma5,above_upper
gate_sq20_20_up,2018-01-02,2018-12-28,245,950614.8225456037,-4.93851774543963,1036367.9781136251,3.636797811362502,9.02080985213205,-15.342695469092217,196,193,3,"above_all=3,new_high=1.5,trend=1.5,volume=1.5,obv=1,relative_strength=2,macd=1.5,target=2,trust=2,foreign=1",,ma5,sq20_20_up
gate_sq20_35_up,2018-01-02,2018-12-28,245,950614.8225456037,-4.93851774543963,1033642.0518456087,3.3642051845608645,8.734055826909003,-15.657873550636891,236,233,3,"above_all=3,new_high=1.5,trend=1.5,volume=1.5,obv=1,relative_strength=2,macd=1.5,target=2,trust=2,foreign=1",,ma5,sq20_35_up
gate_sq10_20_up,2018-01-02,2018-12-28,245,950614.8225456037,-4.93851774543963,1031292.4311517796,3.129243115177971,8.486887295753842,-15.914362961628893,169,166,3,"above_all=3,new_high=1.5,trend=1.5,volume=1.5,obv=1,relative_strength=2,macd=1.5,target=2,trust=2,foreign=1",,ma5,sq10_20_up
gate_sq10_35_up,2018-01-02,2018-12-28,245,950614.8225456037,-4.93851774543963,1027678.3385100238,2.767833851002388,8.106702539947296,-15.886003913880732,219,216,3,"above_all=3,new_high=1.5,trend=1.5,volume=1.5,obv=1,relative_strength=2,macd=1.5,target=2,trust=2,foreign=1",,ma5,sq10_35_up
gate_sq10_35,2018-01-02,2018-12-28,245,950614.8225456037,-4.93851774543963,1024279.3924236177,2.4279392423617763,7.749150142720396,-15.878146052234898,639,629,10,"above_all=3,new_high=1.5,trend=1.5,volume=1.5,obv=1,relative_strength=2,macd=1.5,target=2,trust=2,foreign=1",,ma5,sq10_35
gate_none,2018-01-02,2018-12-28,245,950614.8225456037,-4.93851774543963,1012763.2269246572,1.2763226924657145,6.53770621971046,-15.47385912657112,955,944,11,"above_all=3,new_high=1.5,trend=1.5,volume=1.5,obv=1,relative_strength=2,macd=1.5,target=2,trust=2,foreign=1",,ma5,
gate_below_upper,2018-01-02,2018-12-28,245,950614.8225456037,-4.93851774543963,1012501.8995570437,1.2501899557043616,6.510215867002334,-15.498187682819974,850,842,8,"above_all=3,new_high=1.5,trend=1.5,volume=1.5,obv=1,relative_strength=2,macd=1.5,target=2,trust=2,foreign=1",,ma5,below_upper
gate_rsi_le80,2018-01-02,2018-12-28,245,950614.8225456037,-4.93851774543963,999887.8040765721,-0.011219592342792684,5.183275114417296,-15.335937285303613,951,940,11,"above_all=3,new_high=1.5,trend=1.5,volume=1.5,obv=1,relative_strength=2,macd=1.5,target=2,trust=2,foreign=1",,ma5,rsi_le80
