period,kind,weights,excess,active,bench,dd,buys,missing
2016,OOS,default,-0.3812,13.4519,13.8861,-8.9768,660,26
2016,OOS,us_bull_live,3.7062,18.1069,13.8861,-9.427,773,26
2017,OOS,default,11.9081,35.2843,20.8888,-5.6106,801,24
2017,OOS,us_bull_live,15.2423,39.315,20.8888,-6.5179,920,24
2018,OOS,default,6.1336,0.9138,-4.9182,-22.6547,658,21
2018,OOS,us_bull_live,6.2433,1.0181,-4.9182,-22.6195,802,21
2019,OOS,default,0.9788,34.6307,33.3258,-7.9522,769,16
2019,OOS,us_bull_live,-3.352,28.8567,33.3258,-9.0317,914,16
2020,in-sample,default,13.9274,34.1122,17.7172,-37.1142,749,10
2020,in-sample,us_bull_live,15.7527,36.2608,17.7172,-35.8994,871,10
2021,in-sample,default,-2.2957,25.2943,28.2383,-6.6096,843,5
2021,in-sample,us_bull_live,1.1373,29.6967,28.2383,-6.4628,1010,5
2022,in-sample,default,-10.3704,-26.8673,-18.4056,-30.5785,420,5
2022,in-sample,us_bull_live,-11.9479,-28.1544,-18.4056,-32.0811,553,5
2023,OOS,default,16.7688,46.5903,25.5389,-16.6926,846,4
2023,OOS,us_bull_live,13.5082,42.497,25.5389,-18.359,966,4
2024,OOS,default,5.0431,32.0598,25.7196,-12.5049,865,2
2024,OOS,us_bull_live,5.3183,32.4058,25.7196,-12.6295,979,2
2025-26 bull,in-sample,default,54.3527,100.4855,29.8879,-24.8598,1206,0
2025-26 bull,in-sample,us_bull_live,73.7879,125.7295,29.8879,-23.5884,1448,0
live 2026-06..10,live OOS,default,-7.9742,-3.9526,4.3701,-19.0091,321,0
live 2026-06..10,live OOS,us_bull_live,-7.5487,-3.5085,4.3701,-16.9716,372,0
