market,period,universe_EW,benchmark,universe_minus_benchmark,strategy,strategy_minus_benchmark,strategy_minus_universe,n
us,2016,31.107,13.886,17.221,13.452,-0.434,-17.655,60
us,2017,41.235,20.889,20.346,35.284,14.396,-5.951,61
us,2018,6.64,-4.918,11.558,0.914,5.832,-5.726,63
us,2019,44.513,33.326,11.187,34.631,1.305,-9.882,66
us,2020,68.725,17.717,51.008,34.112,16.395,-34.613,71
us,2021,25.732,28.238,-2.507,25.294,-2.944,-0.437,77
us,2022,-31.34,-18.406,-12.934,-26.867,-8.462,4.472,82
us,2023,75.964,25.539,50.425,46.59,21.051,-29.374,82
us,2024,52.915,25.72,27.196,32.06,6.34,-20.856,83
us,2025-26,122.797,29.888,92.909,100.485,70.598,-22.311,85
us,live 2026-06..10,8.845,4.37,4.475,-3.953,-8.323,-12.798,87
tw,2016,18.494,19.55,-1.056,5.486,-14.064,-13.008,203
tw,2017,39.511,18.304,21.207,40.163,21.86,0.652,206
tw,2018,-6.732,-4.939,-1.793,-0.778,4.161,5.954,210
tw,2019,40.398,32.905,7.493,32.405,-0.5,-7.993,216
tw,2020,32.797,31.004,1.793,28.744,-2.259,-4.053,219
tw,2021,43.349,21.973,21.376,21.32,-0.653,-22.029,223
tw,2022,-8.33,-21.49,13.16,-25.45,-3.96,-17.12,230
tw,2023,63.154,28.213,34.941,55.25,27.036,-7.905,236
tw,2024,28.578,48.48,-19.902,66.314,17.834,37.736,238
tw,2025-26,139.317,112.737,26.579,244.85,132.113,105.534,248
